{
  "genome": {
    "w_height": -0.4744861336346226,
    "w_lines": 1.1089995118070424,
    "w_holes": -1.1278851044759537,
    "w_bump": -0.20498529220287853,
    "speed": 9
  },
  "meta": {
    "saved": "2025-10-02T20:05:10.969517Z",
    "score": 507680,
    "games_played": 71,
    "lines": 2978
  }
}